{"cameraMode":{"drawMode":0,"name":"Shaded","section":"Shading Mode"},"sceneLighting":true,"audioPlay":false,"sceneViewState":{"m_AlwaysRefresh":false,"showFog":true,"showSkybox":true,"showFlares":true,"showImageEffects":true,"showParticleSystems":true,"showVisualEffectGraphs":true,"m_FxEnabled":true},"in2DMode":false,"pivot":{"x":-0.017772749066352845,"y":-0.47851160168647768,"z":-4.014294147491455},"rotation":{"x":-0.13785287737846375,"y":0.015447109937667847,"z":-0.002150445943698287,"w":-0.9903334379196167},"size":11.966708183288575,"orthographic":false}